,count,percentage,itemid,label,fluid,category,is_in_extract
0,64206,0.9693081115355002,50971,Potassium,Blood,Chemistry,1
1,64206,0.9693081115355002,50983,Sodium,Blood,Chemistry,1
2,64204,0.9692779178429626,50902,Chloride,Blood,Chemistry,1
3,64180,0.9689155935325111,50912,Creatinine,Blood,Chemistry,1
4,64177,0.9688703029937046,51006,Urea Nitrogen,Blood,Chemistry,1
5,64170,0.9687646250698229,50882,Bicarbonate,Blood,Chemistry,1
6,64141,0.9683268165280273,50868,Anion Gap,Blood,Chemistry,1
7,64096,0.9676474584459307,51221,Hematocrit,Blood,Hematology,1
8,64081,0.9674210057518984,50931,Glucose,Blood,Chemistry,1
9,63955,0.9655188031220278,51265,Platelet Count,Blood,Hematology,1
10,63935,0.9652168661966515,51301,White Blood Cells,Blood,Hematology,1
11,63934,0.9652017693503827,51222,Hemoglobin,Blood,Hematology,1
12,63925,0.9650658977339633,51250,MCV,Blood,Hematology,1
13,63925,0.9650658977339633,51249,MCHC,Blood,Hematology,1
14,63925,0.9650658977339633,51248,MCH,Blood,Hematology,1
15,63925,0.9650658977339633,51279,Red Blood Cells,Blood,Hematology,1
16,63924,0.9650508008876946,51277,RDW,Blood,Hematology,0
17,63046,0.9517957698636754,50960,Magnesium,Blood,Chemistry,1
18,61643,0.9306148945485289,50970,Phosphate,Blood,Chemistry,1
19,61594,0.9298751490813569,50893,"Calcium, Total",Blood,Chemistry,1
20,56498,0.8529416204954785,51237,INR(PT),Blood,Hematology,1
21,56498,0.8529416204954785,51274,PT,Blood,Hematology,1
22,56152,0.8477181116864687,51275,PTT,Blood,Hematology,1
23,41473,0.6261115053065415,52033,Specimen Type,Blood,Blood Gas,0
24,40088,0.6052023732242334,50820,pH,Blood,Blood Gas,1
25,38813,0.585953894231495,50813,Lactate,Blood,Blood Gas,1
26,38496,0.5811681939642809,50802,Base Excess,Blood,Blood Gas,0
27,38492,0.5811078065792056,50821,pO2,Blood,Blood Gas,0
28,38490,0.5810776128866679,50804,Calculated Total CO2,Blood,Blood Gas,1
29,38489,0.5810625160403992,50818,pCO2,Blood,Blood Gas,1
30,32465,0.49011911411706094,50861,Alanine Aminotransferase (ALT),Blood,Chemistry,1
31,32447,0.4898473708842223,50878,Asparate Aminotransferase (AST),Blood,Chemistry,1
32,32351,0.4883980736424161,50885,"Bilirubin, Total",Blood,Chemistry,1
33,32008,0.48321985537221274,50863,Alkaline Phosphatase,Blood,Chemistry,1
34,28913,0.436495116170232,50808,Free Calcium,Blood,Blood Gas,1
35,28088,0.42404021799846014,51146,Basophils,Blood,Hematology,1
36,28088,0.42404021799846014,51256,Neutrophils,Blood,Hematology,1
37,28088,0.42404021799846014,51244,Lymphocytes,Blood,Hematology,1
38,28088,0.42404021799846014,51200,Eosinophils,Blood,Hematology,0
39,28088,0.42404021799846014,51254,Monocytes,Blood,Hematology,1
40,27413,0.41384984676701037,52172,RDW-SD,Blood,Hematology,0
41,25017,0.37767780310693094,50812,Intubated,Blood,Blood Gas,0
42,23876,0.3604523015142137,50862,Albumin,Blood,Chemistry,1
43,23702,0.35782545026344,50954,Lactate Dehydrogenase (LD),Blood,Chemistry,1
44,22806,0.3442986760065822,51506,Urine Appearance,Urine,Hematology,0
45,22806,0.3442986760065822,51464,Bilirubin,Urine,Hematology,0
46,22806,0.3442986760065822,51484,Ketone,Urine,Hematology,0
47,22806,0.3442986760065822,51498,Specific Gravity,Urine,Hematology,0
48,22806,0.3442986760065822,51466,Blood,Urine,Hematology,0
49,22806,0.3442986760065822,51487,Nitrite,Urine,Hematology,0
50,22806,0.3442986760065822,51514,Urobilinogen,Urine,Hematology,0
51,22806,0.3442986760065822,51478,Glucose,Urine,Hematology,0
52,22806,0.3442986760065822,51486,Leukocytes,Urine,Hematology,0
53,22806,0.3442986760065822,51492,Protein,Urine,Hematology,0
54,22806,0.3442986760065822,51491,pH,Urine,Hematology,1
55,22806,0.3442986760065822,51508,Urine Color,Urine,Hematology,0
56,22694,0.342607829224475,51003,Troponin T,Blood,Chemistry,1
57,22501,0.3396941378945938,50920,Estimated GFR (MDRD equation),Blood,Chemistry,0
58,22047,0.33284016968855207,50934,H,Blood,Chemistry,0
59,22046,0.33282507284228324,50947,I,Blood,Chemistry,0
60,22046,0.33282507284228324,51678,L,Blood,Chemistry,0
61,21126,0.31893597427497394,50911,"Creatine Kinase, MB Isoenzyme",Blood,Chemistry,0
62,20651,0.3117649722972871,50822,"Potassium, Whole Blood",Blood,Blood Gas,1
63,20519,0.3097721885898036,50817,Oxygen Saturation,Blood,Blood Gas,1
64,20261,0.30587720225244946,50910,Creatine Kinase (CK),Blood,Chemistry,0
65,19807,0.2990232340464077,50809,Glucose,Blood,Blood Gas,1
66,19098,0.28831957004181824,51516,WBC,Urine,Hematology,1
67,19098,0.28831957004181824,51519,Yeast,Urine,Hematology,0
68,19098,0.28831957004181824,51476,Epithelial Cells,Urine,Hematology,0
69,19098,0.28831957004181824,51493,RBC,Urine,Hematology,1
70,19098,0.28831957004181824,51463,Bacteria,Urine,Hematology,0
71,17652,0.2664895303371126,50825,Temperature,Blood,Blood Gas,0
72,16815,0.2538534700101149,51214,"Fibrinogen, Functional",Blood,Hematology,1
73,16237,0.24512749286674013,50824,"Sodium, Whole Blood",Blood,Blood Gas,1
74,15568,0.23502770271290327,51087,Length of Urine Collection,Urine,Chemistry,0
75,15426,0.23288395054273162,50811,Hemoglobin,Blood,Blood Gas,1
76,15425,0.23286885369646282,50810,"Hematocrit, Calculated",Blood,Blood Gas,1
77,15032,0.22693579311281872,50828,Ventilator,Blood,Blood Gas,0
78,14305,0.21596038587539063,51512,Urine Mucous,Urine,Hematology,0
79,14185,0.2141487643231329,50806,"Chloride, Whole Blood",Blood,Blood Gas,1
80,12925,0.1951267380244267,50816,Oxygen,Blood,Blood Gas,0
81,12798,0.19320943854828726,52073,Absolute Eosinophil Count,Blood,Hematology,0
82,12797,0.19319434170201844,52069,Absolute Basophil Count,Blood,Hematology,0
83,12797,0.19319434170201844,52074,Absolute Monocyte Count,Blood,Hematology,0
84,12797,0.19319434170201844,52075,Absolute Neutrophil Count,Blood,Hematology,0
85,12797,0.19319434170201844,51133,Absolute Lymphocyte Count,Blood,Hematology,0
86,12168,0.18369842539893416,51266,Platelet Smear,Blood,Hematology,0
87,11882,0.17938072736605323,51009,Vancomycin,Blood,Chemistry,0
88,11034,0.16657860173009859,50827,Ventilation Rate,Blood,Blood Gas,0
89,10997,0.16602001841815245,50819,PEEP,Blood,Blood Gas,1
90,10555,0.15934721236733645,51100,"Sodium, Urine",Urine,Chemistry,0
91,10216,0.15422938148220836,51082,"Creatinine, Urine",Urine,Chemistry,1
92,10184,0.15374628240160632,52135,Immature Granulocytes,Blood,Hematology,0
93,9820,0.14825103035975784,51267,Poikilocytosis,Blood,Hematology,0
94,9798,0.14791889974184394,51137,Anisocytosis,Blood,Hematology,0
95,9676,0.14607708449704856,51246,Macrocytes,Blood,Hematology,0
96,9660,0.14583553495674753,51268,Polychromasia,Blood,Hematology,0
97,9585,0.14470327148658646,51233,Hypochromia,Blood,Hematology,0
98,9555,0.14425036609852201,51252,Microcytes,Blood,Hematology,0
99,9506,0.14351062063135012,50826,Tidal Volume,Blood,Blood Gas,1
100,8577,0.1294856504476215,51144,Bands,Blood,Hematology,0
101,8246,0.1244885943326439,51482,Hyaline Casts,Urine,Hematology,0
102,8209,0.12393001102069777,50993,Thyroid Stimulating Hormone,Blood,Chemistry,0
103,8130,0.12273736016546144,51251,Metamyelocytes,Blood,Hematology,0
104,8075,0.12190703362067665,51093,"Osmolality, Urine",Urine,Chemistry,0
105,8051,0.1215447093102251,51255,Myelocytes,Blood,Hematology,0
106,8036,0.12131825661619287,50956,Lipase,Blood,Chemistry,0
107,7974,0.12038225214752638,51143,Atypical Lymphocytes,Blood,Hematology,1
108,7334,0.11072027053548514,51000,Triglycerides,Blood,Chemistry,0
109,6890,0.10401727079213152,51097,"Potassium, Urine",Urine,Chemistry,0
110,6775,0.10228113347121787,51078,"Chloride, Urine",Urine,Chemistry,1
111,6551,0.09889943990700342,51104,"Urea Nitrogen, Urine",Urine,Chemistry,0
112,6128,0.09251347393529492,52023,Assist/Control,Blood,Blood Gas,0
113,5988,0.09039991545766089,50867,Amylase,Blood,Chemistry,0
114,5930,0.08952429837406965,50887,Blue Top Hold,Blood,Chemistry,0
115,5583,0.08428569271879105,51260,Ovalocytes,Blood,Hematology,0
116,5522,0.08336478509639336,50935,Haptoglobin,Blood,Chemistry,0
117,5437,0.08208155316354414,50852,% Hemoglobin A1c,Blood,Chemistry,0
118,5224,0.07886592490828666,50979,Red Top Hold,Blood,Chemistry,0
119,5044,0.07614849257990006,50908,CK-MB Index,Blood,Chemistry,0
120,5021,0.07580126511571733,50952,Iron,Blood,Chemistry,0
121,4999,0.0754691344978034,50924,Ferritin,Blood,Chemistry,0
122,4997,0.07543894080526578,51613,eAG,Blood,Chemistry,0
123,4779,0.07214782831866423,50998,Transferrin,Blood,Chemistry,0
124,4778,0.07213273147239542,50953,"Iron Binding Capacity, Total",Blood,Chemistry,0
125,4553,0.06873594106191216,50883,"Bilirubin, Direct",Blood,Chemistry,1
126,4488,0.06775464605443923,50964,"Osmolality, Measured",Blood,Chemistry,0
127,4320,0.0652183758812784,50907,"Cholesterol, Total",Blood,Chemistry,1
128,4244,0.0640710155648485,50904,"Cholesterol, HDL",Blood,Chemistry,1
129,4199,0.06339165748275186,50884,"Bilirubin, Indirect",Blood,Chemistry,1
130,4120,0.06219900662751551,50903,Cholesterol Ratio (Total/HDL),Blood,Chemistry,0
131,4072,0.06147435800661242,52111,Echinocytes,Blood,Hematology,0
132,3993,0.060281707151376075,51283,"Reticulocyte Count, Automated",Blood,Hematology,0
133,3964,0.05984389860958046,50905,"Cholesterol, LDL, Calculated",Blood,Chemistry,1
134,3892,0.05875692567822582,50815,O2 Flow,Blood,Blood Gas,0
135,3867,0.058379504521505456,51257,Nucleated Red Cells,Blood,Hematology,0
136,3861,0.05828892344389257,50823,Required O2,Blood,Blood Gas,0
137,3860,0.05827382659762376,50801,Alveolar-arterial Gradient,Blood,Blood Gas,0
138,3755,0.05668865773939824,50933,Green Top Hold (plasma),Blood,Chemistry,0
139,3655,0.055178973112516794,50941,Hepatitis B Surface Antigen,Blood,Chemistry,0
140,3621,0.054665680339377104,50919,EDTA Hold,Blood,Chemistry,0
141,3611,0.05451471187668896,51462,Amorphous Crystals,Urine,Hematology,0
142,3602,0.05437884026026963,50943,Hepatitis C Virus Antibody,Blood,Chemistry,0
143,3457,0.052189797551291536,50909,Cortisol,Blood,Chemistry,0
144,3389,0.05116321200501215,50940,Hepatitis B Surface Antibody,Blood,Chemistry,0
145,3217,0.048566554446776065,51296,Teardrop Cells,Blood,Hematology,0
146,3212,0.048491070215431996,51287,Schistocytes,Blood,Hematology,0
147,3196,0.04824952067513096,51501,Transitional Epithelial Cells,Urine,Hematology,0
148,3193,0.04820423013632452,50963,NTproBNP,Blood,Chemistry,0
149,3153,0.047600356285571944,51103,Uhold,Urine,Chemistry,0
150,3074,0.0464077054303356,50942,Hepatitis B Virus Core Antibody,Blood,Chemistry,0
151,2863,0.04322227086761576,51010,Vitamin B12,Blood,Chemistry,0
152,2859,0.0431618834825405,51107,"Urine tube, held",Urine,Chemistry,0
153,2820,0.04257310647805673,51479,Granular Casts,Urine,Hematology,0
154,2460,0.03713824182128354,51706,Problem Specimen,Blood,Chemistry,0
155,2362,0.03565875088693972,50889,C-Reactive Protein,Blood,Chemistry,0
156,2296,0.03466235903319796,51079,"Cocaine, Urine",Urine,Chemistry,0
157,2276,0.03436042210782168,51075,"Benzodiazepine Screen, Urine",Urine,Chemistry,0
158,2271,0.03428493787647761,51071,"Amphetamine Screen, Urine",Urine,Chemistry,0
159,2265,0.03419435679886472,51092,"Opiate Screen, Urine",Urine,Chemistry,0
160,2260,0.03411887256752064,51074,"Barbiturate Screen, Urine",Urine,Chemistry,0
161,2240,0.03381693564214436,52036,Voided Specimen,Blood,Blood Gas,0
162,2240,0.03381693564214436,51090,"Methadone, Urine",Urine,Chemistry,0
163,2204,0.03327344917646704,51282,"Reticulocyte Count, Absolute",Blood,Hematology,0
164,2121,0.03202041093615544,50976,"Protein, Total",Blood,Chemistry,0
165,2079,0.03138634339286523,53153,HIV Screen,Blood,Chemistry,0
166,2075,0.03132595600778997,51752,Voided Specimen,Blood,Chemistry,0
167,2043,0.03084285692718791,50967,Phenytoin,Blood,Chemistry,0
168,1975,0.02981627138090853,50856,Acetaminophen,Blood,Chemistry,0
169,1791,0.02703845166744667,50981,Salicylate,Blood,Chemistry,0
170,1759,0.02655535258684461,50922,Ethanol,Blood,Chemistry,0
171,1746,0.026359093585350022,50925,Folate,Blood,Chemistry,0
172,1741,0.02628360935400595,51294,Target Cells,Blood,Hematology,0
173,1723,0.02601186612116729,51427,Lymphocytes,Other Body Fluid,Hematology,1
174,1723,0.02601186612116729,51436,Polys,Other Body Fluid,Hematology,0
175,1723,0.02601186612116729,51431,Monos,Other Body Fluid,Hematology,0
176,1693,0.025558960733102855,51657,HPE1,Blood,Chemistry,0
177,1688,0.025483476501758782,50999,Tricyclic Antidepressant Screen,Blood,Chemistry,0
178,1633,0.02465314995697399,51007,Uric Acid,Blood,Chemistry,0
179,1632,0.024638053110705174,50803,"Calculated Bicarbonate, Whole Blood",Blood,Blood Gas,1
180,1625,0.024532375186823472,50873,Anti-Nuclear Antibody,Blood,Chemistry,0
181,1611,0.02432101933906007,50995,"Thyroxine (T4), Free",Blood,Chemistry,0
182,1593,0.02404927610622141,51102,"Total Protein, Urine",Urine,Chemistry,1
183,1593,0.02404927610622141,51663,HPE7,Blood,Chemistry,0
184,1559,0.02353598333308172,51658,HPE2,Blood,Chemistry,0
185,1491,0.022509397786802336,51873,Influenza B by PCR,Other Body Fluid,Chemistry,0
186,1491,0.022509397786802336,51865,Influenza A by PCR,Other Body Fluid,Chemistry,0
187,1490,0.02249430094053352,51659,HPE3,Blood,Chemistry,0
188,1461,0.022056492398737904,50880,Benzodiazepine Screen,Blood,Chemistry,0
189,1453,0.021935717628587387,50879,Barbiturate Screen,Blood,Chemistry,0
190,1434,0.021648877549479913,51518,WBC Clumps,Urine,Hematology,0
191,1406,0.021226165853953108,51145,Basophilic Stippling,Blood,Hematology,0
192,1357,0.020486420386781203,51099,Protein/Creatinine Ratio,Urine,Chemistry,0
193,1343,0.020275064539017798,52272,Monocytes,Cerebrospinal Fluid,Hematology,0
194,1343,0.020275064539017798,52264,Lymphs,Cerebrospinal Fluid,Hematology,0
195,1343,0.020275064539017798,52281,Polys,Cerebrospinal Fluid,Hematology,0
196,1343,0.020275064539017798,52286,"Total Nucleated Cells, CSF",Cerebrospinal Fluid,Hematology,0
197,1327,0.020033514998716768,52285,"RBC, CSF",Cerebrospinal Fluid,Hematology,0
198,1315,0.019852352843490996,51802,"Total Protein, CSF",Cerebrospinal Fluid,Chemistry,0
199,1296,0.019565512764383522,51474,Eosinophils,Urine,Hematology,0
200,1293,0.019520222225577078,51134,Acanthocytes,Blood,Hematology,0
201,1287,0.01942964114796419,51790,"Glucose, CSF",Cerebrospinal Fluid,Chemistry,0
202,1285,0.01939944745542656,50917,Digoxin,Blood,Chemistry,0
203,1221,0.018433249294222437,50994,Thyroxine (T4),Blood,Chemistry,0
204,1208,0.01823699029272785,51428,Macrophage,Other Body Fluid,Hematology,0
205,1194,0.018025634444964446,52391,"Total Nucleated Cells, Pleural",Pleural,Hematology,0
206,1194,0.018025634444964446,51446,Lymphocytes,Pleural,Hematology,1
207,1194,0.018025634444964446,51455,Polys,Pleural,Hematology,0
208,1194,0.018025634444964446,51450,Monos,Pleural,Hematology,0
209,1168,0.01763311644197527,50950,Immunoglobulin G,Blood,Chemistry,0
210,1166,0.017602922749437644,51059,"Total Protein, Pleural",Pleural,Chemistry,0
211,1164,0.017572729056900015,50986,tacroFK,Blood,Chemistry,0
212,1163,0.0175576322106312,51054,"Lactate Dehydrogenase, Pleural",Pleural,Chemistry,1
213,1152,0.01739156690167424,50866,Ammonia,Blood,Chemistry,0
214,1104,0.016666918280771145,51564,ARCH-1,Blood,Chemistry,0
215,1100,0.01660653089569589,51053,"Glucose, Pleural",Pleural,Chemistry,0
216,1089,0.01644046558673893,50937,Hepatitis A Virus Antibody,Blood,Chemistry,0
217,1080,0.0163045939703196,51457,"RBC, Pleural",Pleural,Hematology,1
218,1075,0.01622910973897553,51213,Fibrin Degradation Products,Blood,Hematology,0
219,1050,0.015851688582255167,51219,H/O Smear,Blood,Hematology,0
220,1049,0.015836591735986352,51292,Spherocytes,Blood,Hematology,0
221,1024,0.01545917057926599,50949,Immunoglobulin A,Blood,Chemistry,0
222,985,0.014870393574782228,50930,Globulin,Blood,Chemistry,0
223,940,0.014191035492685578,50951,Immunoglobulin M,Blood,Chemistry,0
224,939,0.014175938646416763,51116,Lymphocytes,Ascites,Hematology,1
225,939,0.014175938646416763,51120,Monocytes,Ascites,Hematology,0
226,939,0.014175938646416763,52065,"Total Nucleated Cells, Ascites",Ascites,Hematology,0
227,939,0.014175938646416763,51125,Polys,Ascites,Hematology,0
228,902,0.01361735533447063,51989,Oxycodone,Urine,Chemistry,0
229,901,0.013602258488201815,50975,Protein Electrophoresis,Blood,Chemistry,0
230,901,0.013602258488201815,51127,"RBC, Ascites",Ascites,Hematology,1
231,859,0.012968190944911608,51447,Macrophages,Pleural,Hematology,0
232,830,0.01253038240311599,51236,Inpatient Hematology/Oncology Smear,Blood,Hematology,0
233,810,0.0122284454777397,51288,Sedimentation Rate,Blood,Hematology,0
234,805,0.012152961246395628,50915,D-Dimer,Blood,Chemistry,0
235,801,0.01209257386132037,50927,Gamma Glutamyltransferase,Blood,Chemistry,0
236,792,0.01195670224490104,50831,pH,Other Body Fluid,Blood Gas,1
237,777,0.011730249550868823,50872,Anti-Neutrophil Cytoplasmic Antibody,Blood,Chemistry,0
238,777,0.011730249550868823,52007,UTX4,Urine,Chemistry,0
239,775,0.011700055858331195,52008,UTX5,Urine,Chemistry,0
240,774,0.01168495901206238,51001,Triiodothyronine (T3),Blood,Chemistry,0
241,771,0.011639668473255937,52004,UTX1,Urine,Chemistry,0
242,769,0.011609474780718308,51197,Elliptocytes,Blood,Hematology,0
243,769,0.011609474780718308,52005,UTX2,Urine,Chemistry,0
244,758,0.011443409471761349,51046,"Albumin, Pleural",Pleural,Chemistry,1
245,757,0.011428312625492534,52010,UTX7,Urine,Chemistry,0
246,755,0.011398118932954907,52006,UTX3,Urine,Chemistry,0
247,725,0.010945213544890472,51117,Macrophage,Ascites,Hematology,0
248,721,0.010884826159815215,52009,UTX6,Urine,Chemistry,0
249,719,0.010854632467277586,52171,RBC Morphology,Blood,Hematology,0
250,706,0.010658373465782998,51448,Mesothelial Cells,Pleural,Hematology,0
251,691,0.010431920771750782,50849,"Total Protein, Ascites",Ascites,Chemistry,0
252,691,0.010431920771750782,51434,Other Cell,Other Body Fluid,Hematology,0
253,673,0.010160177538912121,50835,"Albumin, Ascites",Ascites,Chemistry,1
254,671,0.010129983846374492,50938,Hepatitis A Virus IgM Antibody,Blood,Chemistry,0
255,659,0.009948821691148718,51095,"Phosphate, Urine",Urine,Chemistry,0
256,650,0.009812950074729388,51147,Bite Cells,Blood,Hematology,0
257,649,0.009797853228460574,51734,STX3,Blood,Chemistry,0
258,645,0.009737465843385317,51051,"Cholesterol, Pleural",Pleural,Chemistry,0
259,634,0.009571400534428358,52195,Voided Specimen,Blood,Hematology,0
260,626,0.009450625764277843,51076,"Bicarbonate, Urine",Urine,Chemistry,0
261,622,0.009390238379202585,51098,"Prot. Electrophoresis, Urine",Urine,Chemistry,0
262,622,0.009390238379202585,50891,C4,Blood,Chemistry,0
263,588,0.008876945606062893,50965,Parathyroid Hormone,Blood,Chemistry,0
264,588,0.008876945606062893,52369,"Total Nucleated Cells, Other",Other Body Fluid,Hematology,0
265,586,0.008846751913525264,51733,STX2,Blood,Chemistry,0
266,580,0.008756170835912378,51732,STX1,Blood,Chemistry,0
267,572,0.008635396065761863,50805,Carboxyhemoglobin,Blood,Blood Gas,0
268,563,0.008499524449342532,50890,C3,Blood,Chemistry,0
269,563,0.008499524449342532,51118,Mesothelial Cell,Ascites,Hematology,0
270,546,0.008242878062772687,51008,Valproic Acid,Blood,Chemistry,0
271,545,0.008227781216503872,51737,STX6,Blood,Chemistry,0
272,533,0.008046619061278099,50997,Tobramycin,Blood,Chemistry,0
273,532,0.008031522215009284,52425,XUCU,Urine,Hematology,0
274,516,0.007789972674708254,51419,Eosinophils,Other Body Fluid,Hematology,1
275,512,0.007729585289632995,50876,Anti-Smooth Muscle Antibody,Blood,Chemistry,0
276,503,0.007593713673213666,50814,Methemoglobin,Blood,Blood Gas,0
277,499,0.007533326288138408,50842,"Glucose, Ascites",Ascites,Chemistry,0
278,496,0.007488035749331964,51269,Promyelocytes,Blood,Hematology,0
279,484,0.0073068735941061915,50843,"Lactate Dehydrogenase, Ascites",Ascites,Chemistry,0
280,481,0.007261583055299748,51077,"Calcium, Urine",Urine,Chemistry,1
281,479,0.007231389362762119,50853,25-OH Vitamin D,Blood,Chemistry,0
282,469,0.007080420900073974,51216,Fragmented Cells,Blood,Hematology,0
283,464,0.007004936668729902,51505,Uric Acid Crystals,Urine,Hematology,0
284,462,0.006974742976192274,50939,"Hepatitis B Core Antibody, IgM",Blood,Chemistry,0
285,461,0.006959646129923459,50871,Anti-Mitochondrial Antibody,Blood,Chemistry,0
286,458,0.006914355591117016,51453,Other,Pleural,Hematology,0
287,450,0.0067935808209665,52266,Macrophage,Cerebrospinal Fluid,Hematology,0
288,443,0.006687902897084799,51438,"RBC, Other Fluid",Other Body Fluid,Hematology,0
289,441,0.00665770920454717,51660,HPE4,Blood,Chemistry,0
290,425,0.006416159664246139,50980,Rheumatoid Factor,Blood,Chemistry,0
291,424,0.006401062817977325,50864,Alpha-Fetoprotein,Blood,Chemistry,0
292,418,0.006310481740364438,50906,"Cholesterol, LDL, Measured",Blood,Chemistry,0
293,413,0.006234997509020366,51497,Renal Epithelial Cells,Urine,Hematology,0
294,413,0.006234997509020366,52427,UCU2,Urine,Hematology,0
295,399,0.006023641661256964,51243,Lupus Anticoagulant,Blood,Hematology,0
296,397,0.005993447968719335,51047,"Amylase, Pleural",Pleural,Chemistry,0
297,388,0.005857576352300005,50874,"Anti-Nuclear Antibody, Titer",Blood,Chemistry,0
298,381,0.0057518984284183035,51085,"HCG, Urine, Qualitative",Urine,Chemistry,0
299,377,0.005691511043343046,50836,"Amylase, Ascites",Ascites,Chemistry,0
300,368,0.005555639426923715,50929,Gentamicin,Blood,Chemistry,0
301,360,0.0054348646567732,50900,Carcinoembyronic Antigen (CEA),Blood,Chemistry,0
302,360,0.0054348646567732,51176,"CD3 Cells, Percent",Blood,Hematology,0
303,356,0.005374477271697943,50948,Immunofixation,Blood,Chemistry,0
304,347,0.005238605655278612,51261,Pappenheimer Bodies,Blood,Hematology,0
305,344,0.005193315116472169,52024,"Creatinine, Whole Blood",Blood,Blood Gas,0
306,344,0.005193315116472169,51180,"CD4 Cells, Percent",Blood,Hematology,0
307,343,0.0051782182702033545,51194,"CD8 Cells, Percent",Blood,Hematology,0
308,335,0.0050574435000528386,51088,"Magnesium, Urine",Urine,Chemistry,0
309,328,0.004951765576171138,50838,"Bilirubin, Total, Ascites",Ascites,Chemistry,0
310,326,0.004921571883633509,51429,Mesothelial cells,Other Body Fluid,Hematology,0
311,323,0.004876281344827066,51259,Other Cells,Blood,Hematology,0
312,323,0.004876281344827066,51105,"Uric Acid, Urine",Urine,Chemistry,0
313,320,0.004830990806020622,51150,Blood Parasite Smear,Blood,Hematology,0
314,319,0.0048158939597518075,51735,STX4,Blood,Chemistry,0
315,317,0.004785700267214179,51736,STX5,Blood,Chemistry,0
316,315,0.00475550657467655,51469,Calcium Oxalate Crystals,Urine,Hematology,0
317,314,0.004740409728407735,51444,Eosinophils,Pleural,Hematology,1
318,313,0.0047253128821389215,51086,"Immunofixation, Urine",Urine,Chemistry,0
319,312,0.004710216035870107,50966,Phenobarbital,Blood,Chemistry,0
320,306,0.00461963495825722,51300,WBC Count,Blood,Hematology,1
321,306,0.00461963495825722,51132,Absolute CD8 Count,Blood,Hematology,0
322,306,0.00461963495825722,51131,Absolute CD4 Count,Blood,Hematology,0
323,306,0.00461963495825722,51130,Absolute CD3 Count,Blood,Hematology,0
324,306,0.00461963495825722,51245,"Lymphocytes, Percent",Blood,Hematology,1
325,306,0.00461963495825722,52769,Absolute Lymphocyte Count,Blood,Hematology,0
326,306,0.00461963495825722,51181,CD4/CD8 Ratio,Blood,Hematology,0
327,304,0.004589441265719591,52026,Estimated GFR (MDRD equation),Blood,Blood Gas,0
328,301,0.004544150726913148,51108,Urine Volume,Urine,Chemistry,0
329,294,0.004438472803031447,51034,"Glucose, Body Fluid",Other Body Fluid,Chemistry,0
330,293,0.004423375956762632,51043,"Total Protein, Body Fluid",Other Body Fluid,Chemistry,0
331,293,0.004423375956762632,51196,D-Dimer,Blood,Hematology,0
332,290,0.004378085417956189,51094,pH,Urine,Chemistry,1
333,288,0.00434789172541856,51218,Granulocyte Count,Blood,Hematology,0
334,284,0.004287504340343302,51297,Thrombin,Blood,Hematology,0
335,281,0.004242213801536859,51284,"Reticulocyte Count, Manual",Blood,Hematology,0
336,280,0.004227116955268045,51035,"LD, Body Fluid",Other Body Fluid,Chemistry,0
337,278,0.0041969232627304155,51662,HPE6,Blood,Chemistry,0
338,277,0.004181826416461601,51025,"Albumin, Body Fluid",Other Body Fluid,Chemistry,0
339,277,0.004181826416461601,51240,Large Platelets,Blood,Hematology,0
340,274,0.004136535877655158,50946,Human Chorionic Gonadotropin,Blood,Chemistry,0
341,273,0.004121439031386343,51148,Blasts,Blood,Hematology,0
342,271,0.004091245338848714,50857,Acetone,Blood,Chemistry,0
343,267,0.004030857953773457,51052,"Creatinine, Pleural",Pleural,Chemistry,1
344,262,0.003955373722429384,51026,"Amylase, Body Fluid",Other Body Fluid,Chemistry,0
345,261,0.00394027687616057,51228,Heparin,Blood,Hematology,0
346,259,0.0039100831836229415,51651,Hepatitis C Viral Load,Blood,Chemistry,0
347,250,0.0037742115672036113,50918,Double Stranded DNA,Blood,Chemistry,0
348,241,0.003638339950784281,52424,RFXUCU,Urine,Hematology,0
349,239,0.0036081462582466524,51056,"Miscellaneous, Pleural",Pleural,Chemistry,0
350,238,0.0035930494119778378,51069,"Albumin, Urine",Urine,Chemistry,1
351,237,0.0035779525657090236,51070,"Albumin/Creatinine, Urine",Urine,Chemistry,0
352,234,0.00353266202690258,51933,C. diff PCR,Stool,Chemistry,0
353,234,0.00353266202690258,51424,Immunophenotyping,Other Body Fluid,Hematology,0
354,232,0.003502468334364951,52256,Eosinophils,Cerebrospinal Fluid,Hematology,0
355,225,0.00339679041048325,51060,"Triglycerides, Pleural",Pleural,Chemistry,0
356,225,0.00339679041048325,50974,Prostate Specific Antigen,Blood,Chemistry,0
357,221,0.003336403025407992,50841,"Creatinine, Ascites",Ascites,Chemistry,1
358,219,0.0033062093328703633,51231,Howell-Jolly Bodies,Blood,Hematology,0
359,215,0.0032458219477951057,52014,Voided Specimen,Urine,Chemistry,0
360,211,0.0031854345627198477,50914,Cyclosporin,Blood,Chemistry,0
361,211,0.0031854345627198477,51422,"Hematocrit, Other Fluid",Other Body Fluid,Hematology,0
362,209,0.003155240870182219,51198,Envelope Cells,Blood,Hematology,0
363,201,0.0030344661000317034,51123,Other,Ascites,Hematology,0
364,200,0.003019369253762889,51445,"Hematocrit, Pleural",Pleural,Hematology,0
365,198,0.00298917556122526,51067,24 hr Creatinine,Urine,Chemistry,0
366,194,0.0029287881761500024,52426,UCU1,Urine,Hematology,0
367,193,0.002913691329881188,51138,Anticardiolipin Antibody IgG,Blood,Hematology,0
368,193,0.002913691329881188,51139,Anticardiolipin Antibody IgM,Blood,Hematology,0
369,192,0.0028985944836123732,50968,"Phenytoin, Free",Blood,Chemistry,0
370,191,0.002883497637343559,51956,CDT027,Stool,Chemistry,0
371,190,0.0028684007910747445,51598,Cytomegalovirus Viral Load,Blood,Chemistry,0
372,187,0.002823110252268301,50969,"Phenytoin, Percent Free",Blood,Chemistry,0
373,186,0.002808013405999487,51471,Cellular Cast,Urine,Hematology,0
374,181,0.0027325291746554143,50957,Lithium,Blood,Chemistry,0
375,175,0.002641948097042528,51627,Free Lambda,Blood,Chemistry,0
376,175,0.002641948097042528,51625,Free Kappa,Blood,Chemistry,0
377,174,0.0026268512507737134,51626,Free Kappa/Free Lambda Ratio,Blood,Chemistry,0
378,174,0.0026268512507737134,51114,Eosinophils,Ascites,Hematology,1
379,172,0.0025966575582360846,51206,Factor VIII,Blood,Hematology,0
380,170,0.002566463865698456,51262,Pencil Cells,Blood,Hematology,0
381,166,0.002506076480623198,50913,Cryoglobulin,Blood,Chemistry,0
382,163,0.0024607859418167544,51795,"Lactate Dehydrogenase, CSF",Cerebrospinal Fluid,Chemistry,0
383,162,0.0024456890955479402,51140,Antithrombin,Blood,Hematology,0
384,159,0.002400398556741497,50973,Prolactin,Blood,Chemistry,0
385,157,0.0023702048642038676,51375,Lymphocytes,Joint Fluid,Hematology,1
386,157,0.0023702048642038676,52312,"Total Nucleated Cells, Joint",Joint Fluid,Hematology,0
387,157,0.0023702048642038676,51379,Monocytes,Joint Fluid,Hematology,0
388,157,0.0023702048642038676,51382,Polys,Joint Fluid,Hematology,0
389,156,0.0023551080179350535,51921,"proBNP, Pleural",Pleural,Chemistry,0
390,155,0.002340011171666239,51664,HPE8,Blood,Chemistry,0
391,148,0.002234333247784538,51234,Immunophenotyping,Blood,Hematology,0
392,147,0.0022192364015157233,50881,Beta-2 Microglobulin,Blood,Chemistry,0
393,146,0.0022041395552469087,52278,Other,Cerebrospinal Fluid,Hematology,0
394,144,0.00217394586270928,51273,"Protein S, Functional",Blood,Hematology,0
395,144,0.00217394586270928,51271,"Protein C, Functional",Blood,Hematology,0
396,143,0.0021588490164404658,51235,Inhibitor Screen,Blood,Hematology,0
397,142,0.002143752170171651,51091,"Myoglobin, Urine",Urine,Chemistry,0
398,142,0.002143752170171651,51263,Plasma Cells,Blood,Hematology,0
399,141,0.0021286553239028365,50996,"Tissue Transglutaminase Ab, IgA",Blood,Chemistry,0
400,138,0.002083364785096393,51373,"Joint Crystals, Number",Joint Fluid,Hematology,0
401,132,0.001992783707483507,51229,"Heparin, LMW",Blood,Hematology,0
402,131,0.001977686861214692,51411,CD45,Other Body Fluid,Hematology,0
403,131,0.001977686861214692,50895,Calculated TBG,Blood,Chemistry,0
404,131,0.001977686861214692,51005,Uptake Ratio,Blood,Chemistry,0
405,131,0.001977686861214692,51383,"RBC, Joint Fluid",Joint Fluid,Hematology,0
406,129,0.0019474931686770634,50896,Calculated Thyroxine (T4) Index,Blood,Chemistry,0
407,127,0.0019172994761394344,51398,CD19,Other Body Fluid,Hematology,0
408,124,0.001872008937332991,50978,Rapamycin,Blood,Chemistry,0
409,123,0.0018569120910641767,51426,Lambda,Other Body Fluid,Hematology,0
410,123,0.0018569120910641767,51425,Kappa,Other Body Fluid,Hematology,0
411,120,0.0018116215522577333,51276,Quantitative G6PD,Blood,Hematology,0
412,119,0.0017965247059889189,50955,Light Green Top Hold,Blood,Chemistry,0
413,118,0.0017814278597201045,51654,HIV 1 Viral Load,Blood,Chemistry,0
414,116,0.0017512341671824755,51946,Norovirus Genogroup II,Stool,Chemistry,0
415,116,0.0017512341671824755,51945,Norovirus Genogroup I,Stool,Chemistry,0
416,116,0.0017512341671824755,50992,Thyroid Peroxidase Antibodies,Blood,Chemistry,0
417,109,0.0016455562433007746,51661,HPE5,Blood,Chemistry,0
418,106,0.0016002657044943312,51454,Plasma Cells,Pleural,Hematology,0
419,101,0.001524781473150259,51517,WBC Casts,Urine,Hematology,0
420,101,0.001524781473150259,51839,Anat Path Hold,Other Body Fluid,Chemistry,0
421,98,0.0014794909343438156,51338,Immunophenotyping,Bone Marrow,Hematology,0
422,93,0.0014040067029997434,51115,"Hematocrit, Ascites",Ascites,Hematology,0
423,92,0.0013889098567309288,51386,Bands,Other Body Fluid,Hematology,0
424,92,0.0013889098567309288,52221,Atypical Lymphocytes,Cerebrospinal Fluid,Hematology,0
425,91,0.0013738130104621145,51648,Hepatitis B Viral Load,Blood,Chemistry,0
426,89,0.0013436193179244857,52223,Bands,Cerebrospinal Fluid,Hematology,0
427,89,0.0013436193179244857,51412,CD5,Other Body Fluid,Hematology,0
428,89,0.0013436193179244857,52131,HIT-Ab Interpreted Result,Blood,Hematology,0
429,89,0.0013436193179244857,52132,HIT-Ab Numerical Result,Blood,Hematology,0
430,89,0.0013436193179244857,51388,CD10,Other Body Fluid,Hematology,0
431,89,0.0013436193179244857,51400,CD20,Other Body Fluid,Hematology,0
432,88,0.001328522471655671,51513,Urine Specimen Type,Urine,Hematology,0
433,88,0.001328522471655671,51460,"Blood, Occult",Stool,Hematology,0
434,84,0.0012681350865804133,52123,"G6PD, Qualitative",Blood,Hematology,0
435,82,0.0012379413940427845,51028,"Bilirubin, Total, Body Fluid",Other Body Fluid,Chemistry,0
436,82,0.0012379413940427845,51748,Treponema pallidum (Syphilis) Ab,Blood,Chemistry,0
437,81,0.0012228445477739701,51376,Macrophage,Joint Fluid,Hematology,0
438,81,0.0012228445477739701,51749,Treponema pallidum (syphilis) value,Blood,Chemistry,0
439,80,0.0012077477015051555,51404,CD3,Other Body Fluid,Hematology,0
440,79,0.0011926508552363411,51205,Factor VII,Blood,Hematology,0
441,77,0.0011624571626987123,50899,Carbamazepine,Blood,Chemistry,0
442,77,0.0011624571626987123,51068,24 hr Protein,Urine,Chemistry,0
443,75,0.0011322634701610833,50892,CA-125,Blood,Chemistry,0
444,74,0.001117166623892269,50865,Amikacin,Blood,Chemistry,0
445,73,0.0011020697776234544,51247,MacroOvalocytes,Blood,Hematology,0
446,71,0.0010718760850858256,51423,HLA-DR,Other Body Fluid,Hematology,0
447,71,0.0010718760850858256,51342,Wright Giemsa,Bone Marrow,Hematology,0
448,71,0.0010718760850858256,51402,CD23,Other Body Fluid,Hematology,0
449,70,0.0010567792388170112,51420,FMC-7,Other Body Fluid,Hematology,0
450,68,0.0010265855462793822,50877,Anti-Thyroglobulin Antibodies,Blood,Chemistry,0
451,68,0.0010265855462793822,51481,Hemosiderin,Urine,Hematology,0
452,67,0.0010114887000105678,52109,dRVVT - Screen,Blood,Hematology,0
453,65,0.0009812950074729388,51124,Plasma,Ascites,Hematology,0
454,65,0.0009812950074729388,51183,CD45,Blood,Hematology,0
455,64,0.0009661981612041244,51239,Lambda,Blood,Hematology,0
456,64,0.0009661981612041244,51238,Kappa,Blood,Hematology,0
457,63,0.00095110131493531,51440,Atypical Lymphocytes,Pleural,Hematology,0
458,62,0.0009360044686664955,51768,EE6,Blood,Chemistry,0
459,62,0.0009360044686664955,51164,CD19,Blood,Hematology,0
460,61,0.0009209076223976811,51689,Lyme G and M Value,Blood,Chemistry,0
461,61,0.0009209076223976811,51762,EE1,Blood,Chemistry,0
462,61,0.0009209076223976811,51688,Lyme C6 Ab,Blood,Chemistry,0
463,60,0.0009058107761288666,51152,CD10,Blood,Hematology,0
464,60,0.0009058107761288666,51230,HLA-DR,Blood,Hematology,0
465,60,0.0009058107761288666,52419,Voided Specimen,Urine,Hematology,0
466,59,0.0008907139298600522,51184,CD5,Blood,Hematology,0
467,59,0.0008907139298600522,51168,CD20,Blood,Hematology,0
468,59,0.0008907139298600522,51387,Basophils,Other Body Fluid,Hematology,0
469,59,0.0008907139298600522,52358,Lining Cell,Other Body Fluid,Hematology,0
470,58,0.0008756170835912377,51586,CMV IgG Ab,Blood,Chemistry,0
471,58,0.0008756170835912377,51763,EE2,Blood,Chemistry,0
472,58,0.0008756170835912377,51587,CMV IgG Ab Value,Blood,Chemistry,0
473,58,0.0008756170835912377,51442,Basophils,Pleural,Hematology,0
474,57,0.0008605202373224234,50945,Homocysteine,Blood,Chemistry,0
475,56,0.0008454233910536089,51503,Triple Phosphate Crystals,Urine,Hematology,0
476,56,0.0008454233910536089,51299,Von Willebrand Factor Antigen,Blood,Hematology,0
477,56,0.0008454233910536089,51441,Bands,Pleural,Hematology,0
478,55,0.0008303265447847945,52225,Basophils,Cerebrospinal Fluid,Hematology,0
479,55,0.0008303265447847945,51032,"Creatinine, Body Fluid",Other Body Fluid,Chemistry,1
480,54,0.00081522969851598,52257,"Hematocrit, CSF",Cerebrospinal Fluid,Hematology,0
481,53,0.0008001328522471656,51385,Atypical Lymphocytes,Other Body Fluid,Hematology,0
482,53,0.0008001328522471656,51621,Ethylene Glycol,Blood,Chemistry,0
483,52,0.0007850360059783511,51620,Epstein-Barr Virus VCA IgM Ab,Blood,Chemistry,0
484,52,0.0007850360059783511,51619,Epstein-Barr Virus VCA IgG Ab,Blood,Chemistry,0
485,52,0.0007850360059783511,51615,Epstein-Barr Virus EBNA IgG Ab,Blood,Chemistry,0
486,52,0.0007850360059783511,51614,Epstein-Barr Virus  EBNA IgG Ab,Blood,Chemistry,0
487,52,0.0007850360059783511,51617,Epstein-Barr Virus IgM Ab Value,Blood,Chemistry,0
488,52,0.0007850360059783511,51618,Epstein-Barr Virus Interpretation,Blood,Chemistry,0
489,52,0.0007850360059783511,51616,Epstein-Barr Virus IgG Ab Value,Blood,Chemistry,0
490,51,0.0007699391597095367,51588,CMV IgM Ab,Blood,Chemistry,0
491,51,0.0007699391597095367,51590,CMV Interpretation,Blood,Chemistry,0
492,51,0.0007699391597095367,51567,Beta Hydroxybutyrate,Blood,Chemistry,0
493,50,0.0007548423134407222,51764,EE7,Blood,Chemistry,0
494,50,0.0007548423134407222,51192,CD7,Blood,Hematology,0
495,49,0.0007397454671719078,51298,Von Willebrand Factor Activity,Blood,Hematology,0
496,48,0.0007246486209030933,51111,Bands,Ascites,Hematology,0
497,48,0.0007246486209030933,51953,Voided Specimen,Stool,Chemistry,0
498,48,0.0007246486209030933,51208,Factor X,Blood,Hematology,0
499,48,0.0007246486209030933,51204,Factor V,Blood,Hematology,0
500,48,0.0007246486209030933,50850,"Triglycerides, Ascites",Ascites,Chemistry,0
501,47,0.0007095517746342789,51954,CDT027,Stool,Chemistry,0
502,47,0.0007095517746342789,51167,CD2,Blood,Hematology,0
503,46,0.0006944549283654644,51325,CD45,Bone Marrow,Hematology,0
504,45,0.00067935808209665,51232,Hypersegmented Neutrophils,Blood,Hematology,0
505,45,0.00067935808209665,50991,Thyroglobulin,Blood,Chemistry,0
506,45,0.00067935808209665,51722,RFXLDLM,Blood,Chemistry,0
507,44,0.0006642612358278355,50926,Follicle Stimulating Hormone,Blood,Chemistry,0
508,44,0.0006642612358278355,52179,SCT - Screen,Blood,Hematology,0
509,44,0.0006642612358278355,51313,CD19,Bone Marrow,Hematology,0
510,43,0.0006491643895590211,51226,Hemogloblin A,Blood,Hematology,0
511,43,0.0006491643895590211,51227,Hemogloblin S,Blood,Hematology,0
512,43,0.0006491643895590211,51509,Urine Comments,Urine,Hematology,0
513,43,0.0006491643895590211,51341,Lambda,Bone Marrow,Hematology,0
514,43,0.0006491643895590211,51340,Kappa,Bone Marrow,Hematology,0
515,43,0.0006491643895590211,52276,NRBC,Cerebrospinal Fluid,Hematology,0
516,43,0.0006491643895590211,51224,Hemoglobin C,Blood,Hematology,0
517,42,0.0006340675432902066,52955,CD10,Bone Marrow,Hematology,0
518,42,0.0006340675432902066,51337,HLA-DR,Bone Marrow,Hematology,0
519,42,0.0006340675432902066,51319,CD3,Bone Marrow,Hematology,0
520,41,0.0006189706970213923,51399,CD2,Other Body Fluid,Hematology,0
521,41,0.0006189706970213923,51202,Factor II,Blood,Hematology,0
522,41,0.0006189706970213923,50958,Luteinizing Hormone,Blood,Chemistry,0
523,41,0.0006189706970213923,51315,CD20,Bone Marrow,Hematology,0
524,41,0.0006189706970213923,51326,CD5,Bone Marrow,Hematology,0
525,41,0.0006189706970213923,51416,CD7,Other Body Fluid,Hematology,0
526,41,0.0006189706970213923,51515,Waxy Casts,Urine,Hematology,0
527,40,0.0006038738507525778,51452,NRBC,Pleural,Hematology,0
528,40,0.0006038738507525778,51110,Atypical Lymphocytes,Ascites,Hematology,0
529,40,0.0006038738507525778,51433,NRBC,Other Body Fluid,Hematology,0
530,40,0.0006038738507525778,51215,FMC-7,Blood,Hematology,0
531,39,0.0005887770044837634,51289,Serum Viscosity,Blood,Hematology,0
532,39,0.0005887770044837634,51507,"Urine Casts, Other",Urine,Hematology,0
533,38,0.0005736801582149489,51371,"Joint Crystals, Comment",Joint Fluid,Hematology,0
534,38,0.0005736801582149489,51510,"Urine Crystals, Other",Urine,Hematology,0
535,38,0.0005736801582149489,51374,"Joint Crystals, Shape",Joint Fluid,Hematology,0
536,38,0.0005736801582149489,52018,PAN1,Urine,Chemistry,0
537,38,0.0005736801582149489,51986,Neisseria gonorrhoeae,Urine,Chemistry,0
538,38,0.0005736801582149489,51972,Chlamydia trachomatis,Urine,Chemistry,0
539,38,0.0005736801582149489,51372,"Joint Crystals, Location",Joint Fluid,Hematology,0
540,38,0.0005736801582149489,51370,"Joint Crystals, Birefringence",Joint Fluid,Hematology,0
541,38,0.0005736801582149489,51172,CD23,Blood,Hematology,0
542,36,0.00054348646567732,51901,Voided Specimen,Other Body Fluid,Chemistry,0
543,36,0.00054348646567732,51499,Sperm,Urine,Hematology,0
544,35,0.0005283896194085056,51112,Basophils,Ascites,Hematology,0
545,35,0.0005283896194085056,51772,PAN3,Blood,Chemistry,0
546,35,0.0005283896194085056,50901,Centromere,Blood,Chemistry,0
547,35,0.0005283896194085056,51877,MRSA PCR,Other Body Fluid,Chemistry,0
548,35,0.0005283896194085056,51893,Staph aureus PCR,Other Body Fluid,Chemistry,0
549,34,0.0005132927731396911,51314,CD2,Bone Marrow,Hematology,0
550,34,0.0005132927731396911,51934,C Diff Toxin Antigen Assay,Stool,Chemistry,0
551,34,0.0005132927731396911,51332,CD7,Bone Marrow,Hematology,0
552,33,0.0004981959268708767,51049,"Bilirubin, Total, Pleural",Pleural,Chemistry,0
553,33,0.0004981959268708767,52992,Iron Stain,Bone Marrow,Hematology,0
554,32,0.0004830990806020622,51369,"Hematocrit, Joint Fluid",Joint Fluid,Hematology,0
555,31,0.00046800223433324776,52262,Immunophenotyping,Cerebrospinal Fluid,Hematology,0
556,31,0.00046800223433324776,51223,Hemoglobin A2,Blood,Hematology,0
557,30,0.0004529053880644333,50988,Testosterone,Blood,Chemistry,0
558,30,0.0004529053880644333,51489,NonSquamous Epithelial Cell,Urine,Hematology,0
559,30,0.0004529053880644333,51467,Broad Casts,Urine,Hematology,0
560,30,0.0004529053880644333,51038,"Miscellaneous, Body Fluid",Other Body Fluid,Chemistry,0
561,30,0.0004529053880644333,51225,Hemoglobin F,Blood,Hematology,0
562,29,0.0004378085417956189,51291,Sickle Cells,Blood,Hematology,0
563,29,0.0004378085417956189,50961,Methotrexate,Blood,Chemistry,0
564,28,0.00042271169552680443,51044,Triglycer,Other Body Fluid,Chemistry,0
565,28,0.00042271169552680443,51122,Nucleated RBC,Ascites,Hematology,0
566,27,0.00040761484925799,51264,Platelet Clumps,Blood,Hematology,0
567,27,0.00040761484925799,51199,Eosinophil Count,Blood,Hematology,0
568,27,0.00040761484925799,51101,Total Collection Time,Urine,Chemistry,0
569,27,0.00040761484925799,52279,Plasma,Cerebrospinal Fluid,Hematology,0
570,27,0.00040761484925799,51109,"Urine Volume, Total",Urine,Chemistry,0
571,27,0.00040761484925799,51080,Creatinine Clearance,Urine,Chemistry,0
572,27,0.00040761484925799,51081,"Creatinine, Serum",Urine,Chemistry,0
573,27,0.00040761484925799,51106,Urine Creatinine,Urine,Chemistry,0
574,27,0.00040761484925799,50932,Gray Top Hold (plasma),Blood,Chemistry,0
575,26,0.00039251800298917554,51063,"Osmolality, Stool",Stool,Chemistry,0
576,26,0.00039251800298917554,51203,Factor IX,Blood,Hematology,0
577,25,0.0003774211567203611,51178,CD34,Blood,Hematology,0
578,25,0.0003774211567203611,51175,CD3 Absolute Count,Blood,Hematology,0
579,25,0.0003774211567203611,51174,CD3 %,Blood,Hematology,0
580,25,0.0003774211567203611,51156,CD13,Blood,Hematology,0
581,25,0.0003774211567203611,51323,CD4,Bone Marrow,Hematology,0
582,25,0.0003774211567203611,51334,CD8,Bone Marrow,Hematology,0
583,25,0.0003774211567203611,51368,Eosinophils,Joint Fluid,Hematology,0
584,25,0.0003774211567203611,52270,Metamyelocytes,Cerebrospinal Fluid,Hematology,0
585,24,0.00036232431045154665,51317,CD23,Bone Marrow,Hematology,0
586,24,0.00036232431045154665,51335,FMC-7,Bone Marrow,Hematology,0
587,24,0.00036232431045154665,51494,RBC Casts,Urine,Hematology,0
588,22,0.00033213061791391777,51798,"PEP, CSF",Cerebrospinal Fluid,Chemistry,0
589,22,0.00033213061791391777,51307,CD13,Bone Marrow,Hematology,0
590,22,0.00033213061791391777,51321,CD34,Bone Marrow,Hematology,0
591,21,0.0003170337716451033,51435,Plasma,Other Body Fluid,Hematology,0
592,21,0.0003170337716451033,51188,CD56,Blood,Hematology,0
593,21,0.0003170337716451033,51177,CD33,Blood,Hematology,0
594,21,0.0003170337716451033,51158,CD14,Blood,Hematology,0
595,21,0.0003170337716451033,51096,Porphobilinogen Screen,Urine,Chemistry,0
596,21,0.0003170337716451033,51310,CD15,Bone Marrow,Hematology,0
597,20,0.0003019369253762889,51159,CD15,Blood,Hematology,0
598,20,0.0003019369253762889,51154,CD117,Blood,Hematology,0
599,20,0.0003019369253762889,51305,CD117,Bone Marrow,Hematology,0
600,19,0.00028684007910747443,51084,"Glucose, Urine",Urine,Chemistry,0
601,19,0.00028684007910747443,52107,dRVVT - Confirmation,Blood,Hematology,0
602,19,0.00028684007910747443,52108,dRVVT - Normalized Ratio,Blood,Hematology,0
603,19,0.00028684007910747443,52220,wbcp,Blood,Hematology,0
604,19,0.00028684007910747443,51331,CD64,Bone Marrow,Hematology,0
605,19,0.00028684007910747443,51193,CD71,Blood,Hematology,0
606,19,0.00028684007910747443,51745,Toxoplasma Interpretation,Blood,Chemistry,0
607,19,0.00028684007910747443,51742,Toxoplasma IgG Ab Value,Blood,Chemistry,0
608,19,0.00028684007910747443,51741,Toxoplasma IgG Ab,Blood,Chemistry,0
609,19,0.00028684007910747443,51408,CD4,Other Body Fluid,Hematology,0
610,19,0.00028684007910747443,51155,CD11c,Blood,Hematology,0
611,19,0.00028684007910747443,51309,CD14,Bone Marrow,Hematology,0
612,18,0.00027174323283866,51713,Reflex Confirmatory Hepatitis C Viral Load,Blood,Chemistry,0
613,18,0.00027174323283866,51418,CD8,Other Body Fluid,Hematology,0
614,18,0.00027174323283866,51336,Glyco A,Bone Marrow,Hematology,0
615,18,0.00027174323283866,51333,CD71,Bone Marrow,Hematology,0
616,18,0.00027174323283866,51328,CD56,Bone Marrow,Hematology,0
617,18,0.00027174323283866,51324,CD41,Bone Marrow,Hematology,0
618,18,0.00027174323283866,51767,EE5,Blood,Chemistry,0
619,18,0.00027174323283866,51320,CD33,Bone Marrow,Hematology,0
620,18,0.00027174323283866,51846,Chlamydia trachomatis,Other Body Fluid,Chemistry,0
621,18,0.00027174323283866,51879,Neisseria gonorrhoeae,Other Body Fluid,Chemistry,0
622,18,0.00027174323283866,51306,CD11c,Bone Marrow,Hematology,0
623,18,0.00027174323283866,51903,PAN1,Other Body Fluid,Chemistry,0
624,18,0.00027174323283866,51272,"Protein S, Antigen",Blood,Hematology,0
625,18,0.00027174323283866,51270,"Protein C, Antigen",Blood,Hematology,0
626,18,0.00027174323283866,51242,LUC,Blood,Hematology,0
627,18,0.00027174323283866,51217,Glyco A,Blood,Hematology,0
628,18,0.00027174323283866,51186,CD5 Absolute Count,Blood,Hematology,0
629,18,0.00027174323283866,51185,CD5 %,Blood,Hematology,0
630,18,0.00027174323283866,51182,CD41,Blood,Hematology,0
631,17,0.00025664638656984555,51065,"Sodium, Stool",Stool,Chemistry,0
632,17,0.00025664638656984555,51666,H. pylori IgG Ab,Blood,Chemistry,0
633,17,0.00025664638656984555,51064,"Potassium, Stool",Stool,Chemistry,0
634,16,0.0002415495403010311,51765,EE3,Blood,Chemistry,0
635,16,0.0002415495403010311,51191,CD64,Blood,Hematology,0
636,16,0.0002415495403010311,50898,Cancer Antigen 27.29,Blood,Chemistry,0
637,16,0.0002415495403010311,52087,CD15/56,Blood,Hematology,0
638,16,0.0002415495403010311,51142,Arachadonic Acid,Blood,Hematology,0
639,16,0.0002415495403010311,51042,"Sodium, Body Fluid",Other Body Fluid,Chemistry,0
640,15,0.00022645269403221666,51653,HIV 1 Ab Confirmation,Blood,Chemistry,0
641,15,0.00022645269403221666,51045,"Urea Nitrogen, Body Fluid",Other Body Fluid,Chemistry,0
642,15,0.00022645269403221666,51667,H. pylori IgG Ab Value,Blood,Chemistry,0
643,15,0.00022645269403221666,50844,"Lipase, Ascites",Ascites,Chemistry,0
644,15,0.00022645269403221666,51655,HIV 2 Ab Confirmation,Blood,Chemistry,0
645,14,0.00021135584776340222,50982,Sex Hormone Binding Globulin,Blood,Chemistry,0
646,14,0.00021135584776340222,51406,CD34,Other Body Fluid,Hematology,0
647,14,0.00021135584776340222,51041,"Potassium, Body Fluid",Other Body Fluid,Chemistry,0
648,13,0.00019625900149458777,51430,Metamyelocytes,Other Body Fluid,Hematology,0
649,13,0.00019625900149458777,51195,Collagen,Blood,Hematology,0
650,13,0.00019625900149458777,51209,Factor XI,Blood,Hematology,0
651,13,0.00019625900149458777,51220,Heinz Body Prep,Blood,Hematology,0
652,13,0.00019625900149458777,51135,ADP,Blood,Hematology,0
653,13,0.00019625900149458777,51488,Non-squamous Epithelial Cells,Urine,Hematology,0
654,13,0.00019625900149458777,51806,Voided Specimen,Cerebrospinal Fluid,Chemistry,0
655,12,0.00018116215522577333,51753,VZV IgG Ab,Blood,Chemistry,0
656,12,0.00018116215522577333,51036,"Lipase, Body Fluid",Other Body Fluid,Chemistry,0
657,12,0.00018116215522577333,51027,"Bicarbonate, Other Fluid",Other Body Fluid,Chemistry,0
658,12,0.00018116215522577333,51062,"Chloride, Stool",Stool,Chemistry,0
659,12,0.00018116215522577333,51030,"Chloride, Body Fluid",Other Body Fluid,Chemistry,0
660,12,0.00018116215522577333,51754,VZV IgG Ab Value,Blood,Chemistry,0
661,11,0.00016606530895695888,51694,Mumps IgG Ab Value,Blood,Chemistry,0
662,11,0.00016606530895695888,51170,CD20 Absolute Count,Blood,Hematology,0
663,11,0.00016606530895695888,51190,CD59,Blood,Hematology,0
664,11,0.00016606530895695888,51366,Bands,Joint Fluid,Hematology,0
665,11,0.00016606530895695888,51652,High-Sensitivity CRP,Blood,Chemistry,0
666,11,0.00016606530895695888,51465,Bilirubin Crystals,Urine,Hematology,0
667,11,0.00016606530895695888,51165,CD19 %,Blood,Hematology,0
668,11,0.00016606530895695888,51693,Mumps IgG Ab,Blood,Chemistry,0
669,11,0.00016606530895695888,51286,Ristocetin,Blood,Hematology,0
670,11,0.00016606530895695888,51166,CD19 Absolute Count,Blood,Hematology,0
671,11,0.00016606530895695888,51089,Marijuana,Urine,Chemistry,0
672,11,0.00016606530895695888,51169,CD20 %,Blood,Hematology,0
673,11,0.00016606530895695888,51187,CD55,Blood,Hematology,0
674,10,0.00015096846268814444,51724,Rubella IgG Ab,Blood,Chemistry,0
675,10,0.00015096846268814444,51061,"Bicarbonate, Stool",Stool,Chemistry,0
676,10,0.00015096846268814444,51769,RUBIgGV,Blood,Chemistry,0
677,10,0.00015096846268814444,52043,Voided Specimen,Other Body Fluid,Blood Gas,0
678,10,0.00015096846268814444,51162,CD16/56 Absolute Count,Blood,Hematology,0
679,10,0.00015096846268814444,51163,CD16/56%,Blood,Hematology,0
680,10,0.00015096846268814444,50869,Anti-DGP (IgA/IgG),Blood,Chemistry,0
681,10,0.00015096846268814444,51211,Factor XIII,Blood,Hematology,0
682,10,0.00015096846268814444,51207,Factor VIII Inhibitor,Blood,Hematology,0
683,10,0.00015096846268814444,51449,Metamyelocytes,Pleural,Hematology,0
684,9,0.00013587161641933,50990,Theophylline,Blood,Chemistry,0
685,9,0.00013587161641933,51066,24 hr Calcium,Urine,Chemistry,0
686,9,0.00013587161641933,51495,RBC Clumps,Urine,Hematology,0
687,9,0.00013587161641933,51072,"Amylase, Urine",Urine,Chemistry,0
688,9,0.00013587161641933,51397,CD16/56,Other Body Fluid,Hematology,0
689,9,0.00013587161641933,52268,Mesothelial cells,Cerebrospinal Fluid,Hematology,0
690,9,0.00013587161641933,51726,Rubeola IgG Ab Value,Blood,Chemistry,0
691,9,0.00013587161641933,51470,Calcium Phosphate Crystals,Urine,Hematology,0
692,9,0.00013587161641933,51073,"Amylase/Creatinine Ratio, Urine",Urine,Chemistry,0
693,9,0.00013587161641933,51725,Rubeola IgG Ab,Blood,Chemistry,0
694,8,0.00012077477015051555,51392,CD13,Other Body Fluid,Hematology,0
695,8,0.00012077477015051555,51456,Promyelocytes,Pleural,Hematology,0
696,8,0.00012077477015051555,51413,CD56,Other Body Fluid,Hematology,0
697,8,0.00012077477015051555,50894,Calculated Free Testosterone,Blood,Chemistry,0
698,8,0.00012077477015051555,51796,"Miscellaneous, CSF",Cerebrospinal Fluid,Chemistry,0
699,8,0.00012077477015051555,50851,"Urea Nitrogen, Ascites",Ascites,Chemistry,0
700,8,0.00012077477015051555,50845,"Miscellaneous, Ascites",Ascites,Chemistry,0
701,8,0.00012077477015051555,52283,Promyelocytes,Cerebrospinal Fluid,Hematology,0
702,7,0.00010567792388170111,51381,Other,Joint Fluid,Hematology,0
703,7,0.00010567792388170111,52181,Stomatocyte,Blood,Hematology,0
704,7,0.00010567792388170111,50916,DHEA-Sulfate,Blood,Chemistry,0
705,7,0.00010567792388170111,51743,Toxoplasma IgM Ab,Blood,Chemistry,0
706,7,0.00010567792388170111,50837,"Bicarbonate, Ascites",Ascites,Chemistry,0
707,7,0.00010567792388170111,51201,Epinepherine,Blood,Hematology,0
708,7,0.00010567792388170111,51490,Oval Fat Body,Urine,Hematology,0
709,7,0.00010567792388170111,51744,Toxoplasma IgM Ab Value,Blood,Chemistry,0
710,7,0.00010567792388170111,53127,Voided Specimen,Ascites,Chemistry,0
711,7,0.00010567792388170111,51302,Young Cells,Blood,Hematology,0
712,7,0.00010567792388170111,51290,Sickle Cell Preparation,Blood,Hematology,0
713,7,0.00010567792388170111,50847,"Potassium, Ascites",Ascites,Chemistry,0
714,7,0.00010567792388170111,50848,"Sodium, Ascites",Ascites,Chemistry,0
715,6,9.058107761288666e-05,51212,Fetal Hemoglobin,Blood,Hematology,0
716,6,9.058107761288666e-05,51312,CD16/56,Bone Marrow,Hematology,0
717,6,9.058107761288666e-05,51377,Mesothelial Cells,Joint Fluid,Hematology,0
718,6,9.058107761288666e-05,50840,"Cholesterol, Ascites",Ascites,Chemistry,0
719,6,9.058107761288666e-05,50839,"Chloride, Ascites",Ascites,Chemistry,0
720,6,9.058107761288666e-05,51189,CD57,Blood,Hematology,0
721,6,9.058107761288666e-05,51119,Metamyelocytes,Ascites,Hematology,0
722,6,9.058107761288666e-05,51393,CD138,Other Body Fluid,Hematology,0
723,6,9.058107761288666e-05,52263,Lining Cell,Cerebrospinal Fluid,Hematology,0
724,5,7.548423134407222e-05,52274,Myelocytes,Cerebrospinal Fluid,Hematology,0
725,5,7.548423134407222e-05,51437,Promyelocytes,Other Body Fluid,Hematology,0
726,5,7.548423134407222e-05,51039,"Osmolality, Body Fluid",Other Body Fluid,Chemistry,0
727,5,7.548423134407222e-05,51511,Urine Fat Bodies,Urine,Hematology,0
728,5,7.548423134407222e-05,52012,UTX9,Urine,Chemistry,0
729,5,7.548423134407222e-05,51367,Basophils,Joint Fluid,Hematology,0
730,4,6.0387385075257776e-05,51394,CD14,Other Body Fluid,Hematology,0
731,4,6.0387385075257776e-05,51390,CD117,Other Body Fluid,Hematology,0
732,4,6.0387385075257776e-05,51391,CD11c,Other Body Fluid,Hematology,0
733,4,6.0387385075257776e-05,51996,Trichomonas vaginalis,Urine,Chemistry,0
734,4,6.0387385075257776e-05,51405,CD33,Other Body Fluid,Hematology,0
735,4,6.0387385075257776e-05,51403,CD25,Other Body Fluid,Hematology,0
736,4,6.0387385075257776e-05,51432,Myelocytes,Other Body Fluid,Hematology,0
737,4,6.0387385075257776e-05,51451,Myelocytes,Pleural,Hematology,0
738,4,6.0387385075257776e-05,51179,CD38,Blood,Hematology,0
739,4,6.0387385075257776e-05,52176,Rouleaux,Blood,Hematology,0
740,4,6.0387385075257776e-05,52019,PAN2,Urine,Chemistry,0
741,4,6.0387385075257776e-05,51395,CD15,Other Body Fluid,Hematology,0
742,3,4.529053880644333e-05,51480,Hematocrit,Urine,Hematology,0
743,3,4.529053880644333e-05,50875,Anti-Parietal Cell Antibody,Blood,Chemistry,0
744,3,4.529053880644333e-05,52177,SCT - Confirmation,Blood,Hematology,0
745,3,4.529053880644333e-05,52178,SCT - Normalized Ratio,Blood,Hematology,0
746,3,4.529053880644333e-05,51579,CA 19-9,Blood,Chemistry,0
747,3,4.529053880644333e-05,51210,Factor XII,Blood,Hematology,0
748,3,4.529053880644333e-05,50989,"Testosterone, Free",Blood,Chemistry,0
749,3,4.529053880644333e-05,51472,Cholesterol Crystals,Urine,Hematology,0
750,3,4.529053880644333e-05,51924,Voided Specimen,Pleural,Chemistry,0
751,3,4.529053880644333e-05,51417,CD71,Other Body Fluid,Hematology,0
752,3,4.529053880644333e-05,52301,Lining Cell,Joint Fluid,Hematology,0
753,3,4.529053880644333e-05,51980,Fentanyl,Urine,Chemistry,0
754,3,4.529053880644333e-05,51121,Myelocytes,Ascites,Hematology,0
755,3,4.529053880644333e-05,50921,Estradiol,Blood,Chemistry,0
756,3,4.529053880644333e-05,51365,Atypical Lymphocytes,Joint Fluid,Hematology,0
757,3,4.529053880644333e-05,51415,CD64,Other Body Fluid,Hematology,0
758,3,4.529053880644333e-05,52020,UTX10,Urine,Chemistry,0
759,3,4.529053880644333e-05,51443,Blasts,Pleural,Hematology,0
760,3,4.529053880644333e-05,51161,CD16,Blood,Hematology,0
761,3,4.529053880644333e-05,51029,"Calcium, Body Fluid",Other Body Fluid,Chemistry,0
762,3,4.529053880644333e-05,52373,TdT,Other Body Fluid,Hematology,0
763,3,4.529053880644333e-05,51241,Leukocyte Alkaline Phosphatase,Blood,Hematology,0
764,2,3.0193692537628888e-05,51409,CD4/CD8 Ratio,Other Body Fluid,Hematology,0
765,2,3.0193692537628888e-05,51380,NRBC,Joint Fluid,Hematology,0
766,2,3.0193692537628888e-05,51677,K (GREEN),Blood,Chemistry,0
767,2,3.0193692537628888e-05,52370,Voided Specimen,Other Body Fluid,Hematology,0
768,2,3.0193692537628888e-05,51665,HPE9,Blood,Chemistry,0
769,2,3.0193692537628888e-05,51783,"Bilirubin, Total, CSF",Cerebrospinal Fluid,Chemistry,0
770,2,3.0193692537628888e-05,51791,HIV 1 Viral Load,Cerebrospinal Fluid,Chemistry,0
771,2,3.0193692537628888e-05,51040,"Phosphate, Body Fluid",Other Body Fluid,Chemistry,0
772,2,3.0193692537628888e-05,51461,Ammonium Biurate,Urine,Hematology,0
773,2,3.0193692537628888e-05,51308,CD138,Bone Marrow,Hematology,0
774,2,3.0193692537628888e-05,53144,ANCA Titer,Blood,Chemistry,0
775,2,3.0193692537628888e-05,51295,TdT,Blood,Hematology,0
776,2,3.0193692537628888e-05,51022,"Glucose, Joint Fluid",Joint Fluid,Chemistry,0
777,2,3.0193692537628888e-05,51149,Bleeding Time,Blood,Hematology,0
778,2,3.0193692537628888e-05,51058,"Sodium, Pleural",Pleural,Chemistry,0
779,2,3.0193692537628888e-05,51057,"Potassium, Pleural",Pleural,Chemistry,0
780,2,3.0193692537628888e-05,51401,CD22,Other Body Fluid,Hematology,0
781,2,3.0193692537628888e-05,51048,"Bicarbonate, Pleural",Pleural,Chemistry,0
782,2,3.0193692537628888e-05,51502,Trichomonas,Urine,Hematology,0
783,2,3.0193692537628888e-05,52129,Hemoglobin Other,Blood,Hematology,0
784,2,3.0193692537628888e-05,51410,CD41,Other Body Fluid,Hematology,0
785,2,3.0193692537628888e-05,52227,Blasts,Cerebrospinal Fluid,Hematology,0
786,2,3.0193692537628888e-05,51173,CD25,Blood,Hematology,0
787,2,3.0193692537628888e-05,51421,Glyco A,Other Body Fluid,Hematology,0
788,2,3.0193692537628888e-05,51055,"Lipase, Pleural",Pleural,Chemistry,0
789,1,1.5096846268814444e-05,52335,TdT,Bone Marrow,Hematology,0
790,1,1.5096846268814444e-05,51500,Sulfonamides,Urine,Hematology,0
791,1,1.5096846268814444e-05,51468,Calcium Carbonate Crystals,Urine,Hematology,0
792,1,1.5096846268814444e-05,51407,CD38,Other Body Fluid,Hematology,0
793,1,1.5096846268814444e-05,50888,Blue Top Hold Frozen,Blood,Chemistry,0
794,1,1.5096846268814444e-05,51153,CD103,Blood,Hematology,0
795,1,1.5096846268814444e-05,51037,"Magnesium, Body Fluid",Other Body Fluid,Chemistry,0
796,1,1.5096846268814444e-05,51473,Cysteine Crystals,Urine,Hematology,0
797,1,1.5096846268814444e-05,51024,"Total Protein, Joint Fluid",Joint Fluid,Chemistry,0
798,1,1.5096846268814444e-05,51396,CD16,Other Body Fluid,Hematology,0
799,1,1.5096846268814444e-05,51126,Promyelocytes,Ascites,Hematology,0
800,1,1.5096846268814444e-05,51113,Blasts,Ascites,Hematology,0
801,1,1.5096846268814444e-05,51280,Reptilase Time,Blood,Hematology,0
802,1,1.5096846268814444e-05,51281,Reptilase Time Control,Blood,Hematology,0
803,1,1.5096846268814444e-05,51927,"Albumin, Stool",Stool,Chemistry,0
804,1,1.5096846268814444e-05,51504,Tyrosine Crystals,Urine,Hematology,0
805,1,1.5096846268814444e-05,51033,FetalFN,Other Body Fluid,Chemistry,0
806,1,1.5096846268814444e-05,52313,Voided Specimen,Joint Fluid,Hematology,0
807,1,1.5096846268814444e-05,51904,PAN2,Other Body Fluid,Chemistry,0
808,1,1.5096846268814444e-05,51031,"Cholesterol, Body Fluid",Other Body Fluid,Chemistry,0
809,1,1.5096846268814444e-05,51378,Metamyelocytes,Joint Fluid,Hematology,0
810,1,1.5096846268814444e-05,51899,Trichomonas vaginalis,Other Body Fluid,Chemistry,0
811,1,1.5096846268814444e-05,51389,CD103,Other Body Fluid,Hematology,0
812,1,1.5096846268814444e-05,51714,Reflex HIV Confirmation,Blood,Chemistry,0
813,1,1.5096846268814444e-05,50962,N-Acetylprocainamide (NAPA),Blood,Chemistry,0
814,1,1.5096846268814444e-05,50972,Procainamide,Blood,Chemistry,0
815,1,1.5096846268814444e-05,51083,"Ethanol, Urine",Urine,Chemistry,0
816,1,1.5096846268814444e-05,51322,CD38,Bone Marrow,Hematology,0
817,1,1.5096846268814444e-05,51496,"Reducing Substances, Urine",Urine,Hematology,0
818,1,1.5096846268814444e-05,51414,CD57,Other Body Fluid,Hematology,0
819,1,1.5096846268814444e-05,51050,"Chloride, Pleural",Pleural,Chemistry,0
820,1,1.5096846268814444e-05,51171,CD22,Blood,Hematology,0
